{
    "actions": {
        "mine": 1649531708.7609656,
        "fish": 1649531720.2817643,
        "crime": 1649531723.9137533
    }
}